{"SSIM":0.9145334959030151,"RMSE":Infinity,"_timestamp":1.7480929062157736e+09,"_step":0,"PCC":0.03269018233701534,"PSNR":50.051918029785156,"_runtime":141.352134795,"ACC":0.0024157054722309113,"Validation_loss":0.040001289702990314,"_wandb":{"runtime":141},"Plot":{"height":600,"_type":"image-file","sha256":"671e3f4030b8eff231e5fa94e7c4b38eaf116bf8cc345290affe2094743501cc","size":343126,"path":"media/images/Plot_0_671e3f4030b8eff231e5.png","format":"png","width":2000},"Train Loss":NaN}