{"_step":0,"_wandb":{"runtime":264},"ACC":0.0009409732883796096,"_runtime":264.449205009,"Validation_loss":0.0379595320092096,"Plot":{"path":"media/images/Plot_0_94b24a866a1c8d11c571.png","format":"png","width":2000,"height":600,"_type":"image-file","sha256":"94b24a866a1c8d11c57198cb006bc58f9404c8aae75800b2b336e7960e4a54fc","size":476716},"Train Loss":0.03801595251199466,"_timestamp":1.7480935408159482e+09,"PCC":0.00246660158961592,"PSNR":50.194496154785156,"RMSE":0.22678864047616296,"SSIM":0.9192173480987549}